{"train":[{"id":1,"trainName":"Chemmozhi Express","fromStation":"Coimbatore","toStation":"Mannargudi","time":"12:30AM -> 07:35AM","trainNo":"16616","bookedReservationSeats":5,"totalSeats":6,"bookedTatkalSeats":0,"availableSeats":-26},{"id":2,"trainName":"Chemmozhi Express","fromStation":"Coimbatore","toStation":"Coimbatore","time":"08:30PM -> 04:30AM","trainNo":"16615","bookedReservationSeats":5,"totalSeats":6,"bookedTatkalSeats":0,"availableSeats":-31},{"id":3,"trainName":"Tambaram -Sengottai SF Express","fromStation":"Chennai Egmore","toStation":"Sengottai ","time":"09:00PM -> 8:40AM","trainNo":"12662","bookedReservationSeats":0,"totalSeats":6,"bookedTatkalSeats":0,"availableSeats":6},{"id":4,"trainName":"Tambaram Sengottai SF Express","fromStation":"Sengottai","toStation":"Chennai Egmore","time":"04:15PM -> 04:05AM","trainNo":"12261","bookedReservationSeats":3,"totalSeats":6,"bookedTatkalSeats":0,"availableSeats":3}],"waitingList":[]}