{"users":[{"userID":"984","name":"GURUVIGNESH A","password":"Agathiyan@5","address":"Peravurani","mailID":"guruvijay2017@gmail.com","phoneNumber":6383965704,"booking":[{"id":2,"payment":5600,"bookedSeats":4,"trainName":"Semmozhi Express","fromStation":"Chennai","toStation":"Madurai","trainNumber":"16101","quota":"Reservation","statement":"Confirmed","bookingDate":"11-08-2024","seatType":["AC First Class(1A) - 1 tickets","AC 2Tier(2A) - 1 tickets","AC 3Tier(3A) - 1 tickets","Sleeper(SL) - 1 tickets","Second Sitting(2S) - 0 tickets"]},{"id":2,"payment":5600,"bookedSeats":4,"trainName":"Semmozhi Express","fromStation":"Chennai","toStation":"Madurai","trainNumber":"16101","quota":"Reservation","statement":"Confirmed","bookingDate":"12-10-2024","seatType":["AC First Class(1A) - 1 tickets","AC 2Tier(2A) - 1 tickets","AC 3Tier(3A) - 1 tickets","Sleeper(SL) - 1 tickets","Second Sitting(2S) - 0 tickets"]},{"id":1,"payment":5900,"bookedSeats":5,"trainName":"Chemmozhi Express","fromStation":"Coimbatore","toStation":"Thanjavur","trainNumber":"16616","quota":"Reservation","statement":"Confirmed","bookingDate":"15-01-2023","seatType":["AC First Class(1A) - 1 tickets","AC 2Tier(2A) - 1 tickets","AC 3Tier(3A) - 1 tickets","Sleeper(SL) - 1 tickets","Second Sitting(2S) - 1 tickets"]},{"id":1,"payment":3570,"bookedSeats":5,"trainName":"Chemmozhi Express","fromStation":"Erode","toStation":"Thanjavur","trainNumber":"16616","quota":"Reservation","statement":"Confirmed","bookingDate":"13-02-2024","seatType":["AC First Class(1A) - 1 tickets","AC 2Tier(2A) - 1 tickets","AC 3Tier(3A) - 1 tickets","Sleeper(SL) - 1 tickets","Second Sitting(2S) - 1 tickets"]},{"id":1,"payment":3570,"bookedSeats":5,"trainName":"Chemmozhi Express","fromStation":"Coimbatore","toStation":"Trichy","trainNumber":"16616","quota":"Reservation","statement":"Confirmed","bookingDate":"12-01-2024","seatType":["AC First Class(1A) - 1 tickets","AC 2Tier(2A) - 1 tickets","AC 3Tier(3A) - 1 tickets","Sleeper(SL) - 1 tickets","Second Sitting(2S) - 1 tickets"]},{"id":2,"payment":3570,"bookedSeats":5,"trainName":"Chemmozhi Express","fromStation":"Trichy","toStation":"Erode","trainNumber":"16615","quota":"Reservation","statement":"Confirmed","bookingDate":"15-01-2024","seatType":["AC First Class(1A) - 1 tickets","AC 2Tier(2A) - 1 tickets","AC 3Tier(3A) - 1 tickets","Sleeper(SL) - 1 tickets","Second Sitting(2S) - 1 tickets"]}]},{"userID":"791","name":"AGATHIYAN A","password":"Agathiyan@5","address":"Pattukottai","mailID":"guruvignesh@zsgs.in","phoneNumber":8525965704,"booking":[]},{"userID":"484","name":"SHARMI","password":"Sharmi@1","address":"Pattukottai","mailID":"sharmidinesh@gmail.com","phoneNumber":987654321,"booking":[{"id":1,"payment":5900,"bookedSeats":5,"trainName":"Chemmozhi Express","fromStation":"Coimbatore","toStation":"Thanjavur","trainNumber":"16616","quota":"Reservation","statement":"Confirmed","bookingDate":"15-01-2024","seatType":["AC First Class(1A) - 1 tickets","AC 2Tier(2A) - 1 tickets","AC 3Tier(3A) - 1 tickets","Sleeper(SL) - 1 tickets","Second Sitting(2S) - 1 tickets"]}]},{"userID":"561","name":"SAGATHY","password":"Sagathy@1","address":"neduvakkottai","mailID":"sagathy@gmail.com","phoneNumber":9388009988,"booking":[{"id":1,"payment":6570,"bookedSeats":12,"trainName":"Chemmozhi Express","fromStation":"Coimbatore","toStation":"Thanjavur","trainNumber":"16616","quota":"Reservation","statement":"Confirmed","bookingDate":"15-01-2024","seatType":["AC First Class(1A) - 1 tickets","AC 2Tier(2A) - 2 tickets","AC 3Tier(3A) - 3 tickets","Sleeper(SL) - 1 tickets","Second Sitting(2S) - 5 tickets"]}]},{"userID":"934","name":"POONKUZHALI2","password":"123456789098","address":"4","mailID":"kuzhali38@gmail.comm","phoneNumber":1234567890,"booking":[]},{"userID":"355","name":"GURU","password":"Agathiyan@1234","address":"pattukottai","mailID":"guruvojay2017@gmail.com","phoneNumber":6383965704,"booking":[]},{"userID":"1037","name":"GURU VIGNESH V","password":"QWERTYU!w23","address":"1234567890wertyuio","mailID":"kuzhali38@@gmail.com","phoneNumber":1234567893,"booking":[]},{"userID":"644","name":"MOUNEESH","password":"Mounesh@123","address":"Vathalaikkaddu , Peravurani","mailID":"rsrmounesh@gmail.com","phoneNumber":8525965704,"booking":[]}]}